Afrique du Sud,Afrique
Algérie,Afrique
Angola,Afrique
Bénin,Afrique
Botswana,Afrique
Burkina,Afrique
Burundi,Afrique
Cameroun,Afrique
Cap-Vert,Afrique
République centrafricaine,Afrique
Comores,Afrique
République du Congo,Afrique
République démocratique du Congo,Afrique
Côte d'Ivoire,Afrique
Djibouti,Afrique
Égypte,Afrique
Érythrée,Afrique
Éthiopie,Afrique
Gabon,Afrique
Gambie,Afrique
Ghana,Afrique
Guinée,Afrique
Guinée-Bissau,Afrique
Guinée équatoriale,Afrique
Kenya,Afrique
Lesotho,Afrique
Libéria,Afrique
Libye,Afrique
Madagascar,Afrique
Malawi,Afrique
Mali,Afrique
Maroc,Afrique
Maurice,Afrique
Mauritanie,Afrique
Mozambique,Afrique
Namibie,Afrique
Niger,Afrique
Nigeria,Afrique
Ouganda,Afrique
Rwanda,Afrique
Sao Tomé-et-Principe,Afrique
Sénégal,Afrique
Seychelles,Afrique
Sierra Leone,Afrique
Somalie,Afrique
Soudan,Afrique
Soudan du Sud,Afrique
Swaziland,Afrique
Tanzanie,Afrique
Tchad,Afrique
Togo,Afrique
Tunisie,Afrique
Zambie,Afrique
Zimbabwe,Afrique
Afghanistan,Asie
Arabie saoudite,Asie
Arménie,Asie
Azerbaïdjan,Asie
Bahreïn,Asie
Bangladesh,Asie
Bhoutan,Asie
Birmanie,Asie
Brunéi,Asie
Cambodge,Asie
Chine,Asie
Corée du Nord,Asie
Corée du Sud,Asie
Émirats arabes unis,Asie
Géorgie,Asie
Inde,Asie
Indonésie,Asie
Iraq,Asie
Iran,Asie
Israël,Asie
Japon,Asie
Jordanie,Asie
Kazakhstan,Asie
Kirghizistan,Asie
Koweït,Asie
Laos,Asie
Liban,Asie
Malaisie,Asie
Maldives,Asie
Mongolie,Asie
Népal,Asie
Oman,Asie
Ouzbékistan,Asie
Pakistan,Asie
Palestine,Asie
Philippines,Asie
Qatar,Asie
Russie,Asie
Singapour,Asie
Sri Lanka,Asie
Syrie,Asie
Tadjikistan,Asie
Thaïlande,Asie
Timor oriental,Asie
Turkménistan,Asie
Turquie,Asie
Viêt Nam,Asie
Yémen,Asie
Albanie,Europe
Allemagne,Europe
Andorre,Europe
Autriche,Europe
Belgique,Europe
Biélorussie,Europe
Bosnie-Herzégovine,Europe
Bulgarie,Europe
Chypre,Europe
Croatie,Europe
Danemark,Europe
Espagne,Europe
Estonie,Europe
Finlande,Europe
France,Europe
Grèce,Europe
Hongrie,Europe
Irlande,Europe
Islande,Europe
Italie,Europe
Lettonie,Europe
Liechtenstein,Europe
Lituanie,Europe
Luxembourg,Europe
République de Macédoine,Europe
Malte,Europe
Moldavie,Europe
Monaco,Europe
Monténégro,Europe
Norvège,Europe
Pays-Bas,Europe
Pologne,Europe
Portugal,Europe
République tchèque,Europe
Roumanie,Europe
Royaume-Uni,Europe
Russie,Europe
Saint-Marin,Europe
Serbie,Europe
Slovaquie,Europe
Slovénie,Europe
Suède,Europe
Suisse,Europe
Ukraine,Europe
Vatican,Europe
Australie,Océanie
Fidji,Océanie
Kiribati,Océanie
Marshall,Océanie
Micronésie,Océanie
Nauru,Océanie
Nouvelle-Zélande,Océanie
Palaos,Océanie
Papouasie-Nouvelle-Guinée,Océanie
Îles Salomon,Océanie
Samoa,Océanie
Tonga,Océanie
Tuvalu,Océanie
Vanuatu,Océanie
Antigua-et-Barbuda,Caraïbes
Argentine,Amérique du Sud
Bahamas,Amérique centrale
Barbade,Caraïbes
Bélize,Amérique centrale
Bolivie,Amérique du Sud
Brésil,Amérique du Sud
Canada,Amérique du Nord
Chili,Amérique du Sud
Colombie,Amérique du Sud
Costa Rica,Amérique centrale
Cuba,Caraïbes
République dominicaine,Caraïbes
Dominique,Caraïbes
Équateur,Amérique du Sud
États-Unis,Amérique du Nord
Grenade,Caraïbes
Guatemala,Amérique centrale
Guyana,Amérique du Sud
Haïti,Caraïbes
Honduras,Amérique centrale
Jamaïque,Caraïbes
Mexique,Amérique du Nord
Nicaragua,Amérique centrale
Panama,Amérique centrale
Paraguay,Amérique du Sud
Pérou,Amérique du Sud
Saint-Christophe-et-Niévès,Caraïbes
Sainte-Lucie,Caraïbes
Saint-Vincent-et-les Grenadines,Caraïbes
Salvador,Amérique centrale
Suriname,Amérique du Sud
Trinité-et-Tobago,Caraïbes
Uruguay,Amérique du Sud
Venezuela,Amérique du Sud
